﻿<?xml version='1.0' encoding='UTF-8'?>
<states>
  <state>
    <StateId>1</StateId>
    <Name>Alabama</Name>
    <ZipCodeStart>35004</ZipCodeStart>
    <ZipCodeEnd>36925</ZipCodeEnd>
  </state>
  <state>
    <StateId>2</StateId>
    <Name>Alaska</Name>
    <ZipCodeStart>99501</ZipCodeStart>
    <ZipCodeEnd>99950</ZipCodeEnd>
  </state>
  <state>
    <StateId>3</StateId>
    <Name>Arizona</Name>
    <ZipCodeStart>85001</ZipCodeStart>
    <ZipCodeEnd>86556</ZipCodeEnd>
  </state>
  <state>
    <StateId>4</StateId>
    <Name>Arkansas</Name>
    <ZipCodeStart>71601</ZipCodeStart>
    <ZipCodeEnd>72959</ZipCodeEnd>
  </state>
  <state>
    <StateId>5</StateId>
    <Name>California</Name>
    <ZipCodeStart>90001</ZipCodeStart>
    <ZipCodeEnd>96162</ZipCodeEnd>
  </state>
  <state>
    <StateId>7</StateId>
    <Name>Colorado</Name>
    <ZipCodeStart>80001</ZipCodeStart>
    <ZipCodeEnd>81658</ZipCodeEnd>
  </state>
  <state>
    <StateId>8</StateId>
    <Name>Connecticut</Name>
    <ZipCodeStart>06001</ZipCodeStart>
    <ZipCodeEnd>06928</ZipCodeEnd>
  </state>
  <state>
    <StateId>9</StateId>
    <Name>Delaware</Name>
    <ZipCodeStart>19701</ZipCodeStart>
    <ZipCodeEnd>19980</ZipCodeEnd>
  </state>
  <state>
    <StateId>10</StateId>
    <Name>Florida</Name>
    <ZipCodeStart>32003</ZipCodeStart>
    <ZipCodeEnd>34997</ZipCodeEnd>
  </state>
  <state>
    <StateId>11</StateId>
    <Name>Georgia</Name>
    <ZipCodeStart>30002</ZipCodeStart>
    <ZipCodeEnd>31999</ZipCodeEnd>
    <ZipCodeStart1>39813</ZipCodeStart1>
    <ZipCodeEnd1>39901</ZipCodeEnd1>
  </state>
  <state>
    <StateId>12</StateId>
    <Name>Hawaii</Name>
    <ZipCodeStart>96701</ZipCodeStart>
    <ZipCodeEnd>96898</ZipCodeEnd>
  </state>
  <state>
    <StateId>13</StateId>
    <Name>Idaho</Name>
    <ZipCodeStart>83201</ZipCodeStart>
    <ZipCodeEnd>83877</ZipCodeEnd>
  </state>
  <state>
    <StateId>14</StateId>
    <Name>Illinois</Name>
    <ZipCodeStart>60001</ZipCodeStart>
    <ZipCodeEnd>62999</ZipCodeEnd>
  </state>
  <state>
    <StateId>15</StateId>
    <Name>Indiana</Name>
    <ZipCodeStart>46001</ZipCodeStart>
    <ZipCodeEnd>47997</ZipCodeEnd>
  </state>
  <state>
    <StateId>17</StateId>
    <Name>Iowa</Name>
    <ZipCodeStart>50001</ZipCodeStart>
    <ZipCodeEnd>52809</ZipCodeEnd>
  </state>
  <state>
    <StateId>18</StateId>
    <Name>Kansas</Name>
    <ZipCodeStart>66002</ZipCodeStart>
    <ZipCodeEnd>67954</ZipCodeEnd>
    <ZipCodeStart1>71601</ZipCodeStart1>
    <ZipCodeEnd1>72959</ZipCodeEnd1>
  </state>
  <state>
    <StateId>19</StateId>
    <Name>Kentucky</Name>
    <ZipCodeStart>40003</ZipCodeStart>
    <ZipCodeEnd>42788</ZipCodeEnd>
  </state>
  <state>
    <StateId>20</StateId>
    <Name>Louisiana</Name>
    <ZipCodeStart>70001</ZipCodeStart>
    <ZipCodeEnd>71497</ZipCodeEnd>
  </state>
  <state>
    <StateId>21</StateId>
    <Name>Maine</Name>
    <ZipCodeStart>03901</ZipCodeStart>
    <ZipCodeEnd>04992</ZipCodeEnd>
  </state>
  <state>
    <StateId>22</StateId>
    <Name>Maryland</Name>
    <ZipCodeStart>20601</ZipCodeStart>
    <ZipCodeEnd>21930</ZipCodeEnd>
  </state>
  <state>
    <StateId>23</StateId>
    <Name>Massachusetts</Name>
    <ZipCodeStart>01001</ZipCodeStart>
    <ZipCodeEnd>02791</ZipCodeEnd>
    <ZipCodeStart1>05501</ZipCodeStart1>
    <ZipCodeEnd1>05544</ZipCodeEnd1>
  </state>
  <state>
    <StateId>24</StateId>
    <Name>Michigan</Name>
    <ZipCodeStart>48001</ZipCodeStart>
    <ZipCodeEnd>49971</ZipCodeEnd>
  </state>
  <state>
    <StateId>25</StateId>
    <Name>Minnesota</Name>
    <ZipCodeStart>55001</ZipCodeStart>
    <ZipCodeEnd>56763</ZipCodeEnd>
  </state>
  <state>
    <StateId>26</StateId>
    <Name>Mississippi</Name>
    <ZipCodeStart>38601</ZipCodeStart>
    <ZipCodeEnd>39776</ZipCodeEnd>
  </state>
  <state>
    <StateId>27</StateId>
    <Name>Missouri</Name>
    <ZipCodeStart>63001</ZipCodeStart>
    <ZipCodeEnd>65899</ZipCodeEnd>
  </state>
  <state>
    <StateId>28</StateId>
    <Name>Montana</Name>
    <ZipCodeStart>59001</ZipCodeStart>
    <ZipCodeEnd>59937</ZipCodeEnd>
  </state>
  <state>
    <StateId>29</StateId>
    <Name>Nebraska</Name>
    <ZipCodeStart>68001</ZipCodeStart>
    <ZipCodeEnd>69367</ZipCodeEnd>
  </state>
  <state>
    <StateId>30</StateId>
    <Name>Nevada</Name>
    <ZipCodeStart>88901</ZipCodeStart>
    <ZipCodeEnd>89883</ZipCodeEnd>
  </state>
  <state>
    <StateId>31</StateId>
    <Name>New Hampshire</Name>
    <ZipCodeStart>03031</ZipCodeStart>
    <ZipCodeEnd>03897</ZipCodeEnd>
  </state>
  <state>
    <StateId>32</StateId>
    <Name>New Jersey</Name>
    <ZipCodeStart>07001</ZipCodeStart>
    <ZipCodeEnd>08989</ZipCodeEnd>
  </state>
  <state>
    <StateId>33</StateId>
    <Name>New Mexico</Name>
    <ZipCodeStart>87001</ZipCodeStart>
    <ZipCodeEnd>88439</ZipCodeEnd>
  </state>
  <state>
    <StateId>34</StateId>
    <Name>New York</Name>
    <ZipCodeStart>10001</ZipCodeStart>
    <ZipCodeEnd>14925</ZipCodeEnd>
  </state>
  <state>
    <StateId>35</StateId>
    <Name>North Carolina</Name>
    <ZipCodeStart>27006</ZipCodeStart>
    <ZipCodeEnd>28909</ZipCodeEnd>
  </state>
  <state>
    <StateId>36</StateId>
    <Name>North Dakota</Name>
    <ZipCodeStart>58001</ZipCodeStart>
    <ZipCodeEnd>58856</ZipCodeEnd>
  </state>
  <state>
    <StateId>37</StateId>
    <Name>Ohio</Name>
    <ZipCodeStart>43001</ZipCodeStart>
    <ZipCodeEnd>45999</ZipCodeEnd>
  </state>
  <state>
    <StateId>38</StateId>
    <Name>Oklahoma</Name>
    <ZipCodeStart>73001</ZipCodeStart>
    <ZipCodeEnd>74966</ZipCodeEnd>
  </state>
  <state>
    <StateId>39</StateId>
    <Name>Oregon</Name>
    <ZipCodeStart>97001</ZipCodeStart>
    <ZipCodeEnd>97920</ZipCodeEnd>
  </state>
  <state>
    <StateId>40</StateId>
    <Name>Pennsylvania</Name>
    <ZipCodeStart>15001</ZipCodeStart>
    <ZipCodeEnd>19640</ZipCodeEnd>
  </state>
  <state>
    <StateId>41</StateId>
    <Name>Rhode Island</Name>
    <ZipCodeStart>02801</ZipCodeStart>
    <ZipCodeEnd>02940</ZipCodeEnd>
  </state>
  <state>
    <StateId>42</StateId>
    <Name>South Carolina</Name>
    <ZipCodeStart>29001</ZipCodeStart>
    <ZipCodeEnd>29945</ZipCodeEnd>
  </state>
  <state>
    <StateId>43</StateId>
    <Name>South Dakota</Name>
    <ZipCodeStart>57001</ZipCodeStart>
    <ZipCodeEnd>57799</ZipCodeEnd>
  </state>
  <state>
    <StateId>44</StateId>
    <Name>Tennessee</Name>
    <ZipCodeStart>37010</ZipCodeStart>
    <ZipCodeEnd>38589</ZipCodeEnd>
  </state>
  <state>
    <StateId>45</StateId>
    <Name>Texas</Name>
    <ZipCodeStart>75001</ZipCodeStart>
    <ZipCodeEnd>79999</ZipCodeEnd>
    <ZipCodeStart1>88510</ZipCodeStart1>
    <ZipCodeEnd1>88595</ZipCodeEnd1>
  </state>
  <state>
    <StateId>46</StateId>
    <Name>Utah</Name>
    <ZipCodeStart>84001</ZipCodeStart>
    <ZipCodeEnd>84791</ZipCodeEnd>
  </state>
  <state>
    <StateId>47</StateId>
    <Name>Vermont</Name>
    <ZipCodeStart>05001</ZipCodeStart>
    <ZipCodeEnd>05907</ZipCodeEnd>
  </state>
  <state>
    <StateId>48</StateId>
    <Name>Virginia</Name>
    <ZipCodeStart>20101</ZipCodeStart>
    <ZipCodeEnd>20199</ZipCodeEnd>
    <ZipCodeStart1>22003</ZipCodeStart1>
    <ZipCodeEnd1>26886</ZipCodeEnd1>
  </state>
  <state>
    <StateId>49</StateId>
    <Name>Washington</Name>
    <ZipCodeStart>98001</ZipCodeStart>
    <ZipCodeEnd>99403</ZipCodeEnd>
  </state>
  <state>
    <StateId>50</StateId>
    <Name>Wisconsin</Name>
    <ZipCodeStart>53001</ZipCodeStart>
    <ZipCodeEnd>54990</ZipCodeEnd>
  </state>
  <state>
    <StateId>51</StateId>
    <Name>Wyoming</Name>
    <ZipCodeStart>82001</ZipCodeStart>
    <ZipCodeEnd>83414</ZipCodeEnd>
  </state>
  <state>
    <StateId>52</StateId>
    <Name>District of Columbia</Name>
    <ZipCodeStart>20001</ZipCodeStart>
    <ZipCodeEnd>20099</ZipCodeEnd>
    <ZipCodeStart1>20215</ZipCodeStart1>
    <ZipCodeEnd1>20535</ZipCodeEnd1>
  </state>

</states>




